id,name,experienceYears,availability,skills
C-201,Samantha Lee,5,Immediate,"Java, Spring Boot, Microservices, AWS"
C-202,James Wilson,3,2 Weeks,"Python, Data Analysis, SQL, Tableau"
C-203,Mohammed Al-Fayed,7,Immediate,"React, Node.js, Express, MongoDB"
C-204,Maria Garcia,2,1 Month,"HTML, CSS, JavaScript, UI/UX"
C-205,Chen Wei,4,Immediate,"C++, Linux, Algorithms, Data Structures"
C-206,Jessica Taylor,6,2 Weeks,"Machine Learning, Python, TensorFlow, R"
C-207,William Brown,8,Immediate,"Docker, Kubernetes, AWS, Jenkins"
C-208,Sophia Martinez,1,Immediate,"Java, SQL, Git, Basic Python"
C-209,Lucas Silva,3,15 Days,"Ruby on Rails, PostgreSQL, Agile"
C-210,Olivia Thomas,5,Immediate,"C#, .NET Core, SQL Server, Azure"
C-211,Ethan White,2,Immediate,"Swift, iOS Development, Xcode"
C-212,Isabella Harris,4,30 Days,"Android, Kotlin, Mobile UI"
C-213,Alexander Clark,9,Immediate,"Cybersecurity, Penetration Testing, Python"
C-214,Mia Lewis,3,15 Days,"Marketing, SEO, Google Analytics, Content Strategy"
C-215,Benjamin Walker,6,Immediate,"Product Management, Agile, Scrum, JIRA"
